<?xml version="1.0" encoding="UTF-8"?>
<!--
 |  ***********************************************************************
 |  React App CONFIDENTIAL
 |  ___________________
 |
 |  Copyright 2022 React App
 |  All Rights Reserved.
 |
 |  NOTICE:  All information contained herein is, and remains the property
 |  of React App and its suppliers, if any. The intellectual and
 |  technical concepts contained herein are proprietary to React App
 |  and its suppliers and are protected by trade secret or copyright law.
 |  Dissemination of this information or reproduction of this material
 |  is strictly forbidden unless prior written permission is obtained
 |  from React App.
 |  ***********************************************************************
-->
<jcr:root xmlns:jcr="http://www.jcp.org/jcr/1.0"
          xmlns:cq="http://www.day.com/jcr/cq/1.0"
          xmlns:granite="http://www.adobe.com/jcr/granite/1.0"
          xmlns:nt="http://www.jcp.org/jcr/nt/1.0"
          xmlns:sling="http://sling.apache.org/jcr/sling/1.0"
          jcr:primaryType="nt:unstructured"
          jcr:title="Test Component"
          sling:resourceType="cq/gui/components/authoring/dialog">
   <content jcr:primaryType="nt:unstructured"
            sling:resourceType="granite/ui/components/coral/foundation/container">
      <layout jcr:primaryType="nt:unstructured"
              margin="{Boolean}false"
              sling:resourceType="granite/ui/components/foundation/layouts/fixedcolumns"/>
      <items jcr:primaryType="nt:unstructured">
         <column jcr:primaryType="nt:unstructured"
                 sling:resourceType="granite/ui/components/coral/foundation/container">
            <items jcr:primaryType="nt:unstructured">
               <textTest cq-msm-lockable="./textTest"
                         fieldDescription="Adds a fieldDescription tooltip"
                         fieldLabel="Textfield Test"
                         jcr:primaryType="nt:unstructured"
                         name="./textTest"
                         sling:resourceType="granite/ui/components/coral/foundation/form/textfield"/>
               <text cq-msm-lockable="./text"
                     fieldLabel="Texto"
                     jcr:primaryType="nt:unstructured"
                     name="./text"
                     sling:resourceType="granite/ui/components/coral/foundation/form/textarea"/>
               <imageResType jcr:primaryType="nt:unstructured"
                             name="./image/sling:resourceType"
                             sling:resourceType="granite/ui/components/coral/foundation/form/hidden"
                             value="core/wcm/components/image/v2/image"/>
               <image allowUpload="{Boolean}false"
                      autoStart="{Boolean}false"
                      class="cq-droptarget"
                      cq-msm-lockable="./image/file"
                      fieldLabel="Imagem"
                      fileNameParameter="./image/fileName"
                      fileReferenceParameter="./image/fileReference"
                      jcr:primaryType="nt:unstructured"
                      mimeTypes="[image/gif,image/jpeg,image/png,image/webp,image/tiff,image/svg+xml]"
                      multiple="{Boolean}false"
                      name="./image/file"
                      sling:resourceType="cq/gui/components/authoring/dialog/fileupload"
                      title="Drag to select image"
                      uploadUrl="${suffix.path}"
                      useHTML5="{Boolean}true"/>
            </items>
         </column>
      </items>
   </content>
</jcr:root>
